question,title,document
What are labels used for in Kubernetes?,Label,b021df6a
How are labels structured in Kubernetes?,Label,b021df6a
What is the role of key/value pairs in labeling objects?,Label,b021df6a
Why might users find labels meaningful and relevant?,Label,b021df6a
Which Kubernetes objects can have labels attached to them?,Label,b021df6a
What is the purpose of a check that runs periodically on a container in a pod?,Probe,76d16796
How does the check influence the lifecycle of a container?,Probe,76d16796
Where can you find more detailed information about container probes?,Probe,76d16796
What is the primary purpose of a LimitRange in Kubernetes?,LimitRange,0ad333e2
How does a LimitRange help manage resources within a namespace?,LimitRange,0ad333e2
In what ways can a LimitRange restrict resources for containers or Pods?,LimitRange,0ad333e2
Can a LimitRange affect the number of certain resource types created?,LimitRange,0ad333e2
What is the purpose of the device classes defined by device drivers and cluster admins in Kubernetes?,Dynamic Resource Allocation,6a399164
How does Kubernetes handle allocation of devices to specific claims?,Dynamic Resource Allocation,6a399164
What role do hardware accelerators play in Kubernetes resource sharing among Pods?,Dynamic Resource Allocation,6a399164
What are some ways a platform developer can add new functionalities to their Kubernetes instance?,Platform Developer,dc1d4e05
How might platform developers contribute to the broader Kubernetes community?,Platform Developer,dc1d4e05
Can platform developers create extensions that are not shared publicly?,Platform Developer,dc1d4e05
What role does a reviewer play in maintaining the quality of the codebase?,Reviewer,8e58cd87
What qualifications or knowledge does a reviewer need to have?,Reviewer,8e58cd87
Is a reviewer's responsibility limited to the entire codebase or specific parts?,Reviewer,8e58cd87
Why might the scope of a reviewer be limited to just a part of the codebase?,Reviewer,8e58cd87
How do reviewers contribute to the software development process?,Reviewer,8e58cd87
What is the purpose of CustomResourceDefinitions in Kubernetes?,CustomResourceDefinition,99bc4b85
How do CustomResourceDefinitions help if the built-in Kubernetes functionality is insufficient?,CustomResourceDefinition,99bc4b85
Do CustomResourceDefinitions require building a new custom server to extend the Kubernetes API?,CustomResourceDefinition,99bc4b85
What does the term 'upstream' mean in the context of the Kubernetes Community?,Upstream (disambiguation),e21cb987
How is the term 'upstream' used differently in GitHub or git compared to the Kubernetes Community?,Upstream (disambiguation),e21cb987
Why might a community member want to move a feature upstream in Kubernetes?,Upstream (disambiguation),e21cb987
"In git terminology, what is the relationship between an upstream and a downstream repository?",Upstream (disambiguation),e21cb987
What does the Kubernetes Community mean by referring to other code or tools relying on the core Kubernetes codebase?,Upstream (disambiguation),e21cb987
What was the purpose of the extension API mentioned in the Kubernetes documentation?,Service Catalog,0bcfa281
How did the extension API assist with using external managed software offerings?,Service Catalog,0bcfa281
What kind of services could Kubernetes clusters connect with using the extension API?,Service Catalog,0bcfa281
What role do admission controllers play when a request is made to the Kubernetes API server?,Admission Controller,0becb50d
How do mutating admission controllers differ from validating admission controllers?,Admission Controller,0becb50d
Is it possible for an admission controller to both modify and reject a request in Kubernetes?,Admission Controller,0becb50d
What type of admission controller has the ability to modify objects before they are stored?,Admission Controller,0becb50d
Can a validating admission controller change the objects they process in Kubernetes?,Admission Controller,0becb50d
What are some examples of day-to-day operations involved in managing a Kubernetes cluster?,Cluster Operations,3786473d
How can a cluster be scaled by adding resources?,Cluster Operations,3786473d
What types of activities are involved in configuring cluster networking?,Cluster Operations,3786473d
Why is implementing security controls important in Kubernetes cluster management?,Cluster Operations,3786473d
What does managing cluster-wide observability entail in the context of Kubernetes?,Cluster Operations,3786473d
What is the purpose of defining claims storage in Kubernetes?,Persistent Volume Claim,34171d17
What are the different ways storage can be accessed in Kubernetes?,Persistent Volume Claim,34171d17
How is storage reclaimed in Kubernetes once it is no longer needed?,Persistent Volume Claim,34171d17
In what Kubernetes object are the specifics of the storage described?,Persistent Volume Claim,34171d17
How is the storage claim used in relation to a volume in Kubernetes?,Persistent Volume Claim,34171d17
What are some specific ways a person can contribute to the Kubernetes project or community?,Contributor,23d21ad4
Does contributing to the Kubernetes project only involve donating code?,Contributor,23d21ad4
"Besides code contributions, what are other forms of participation in the Kubernetes community?",Contributor,23d21ad4
Can organizing events be considered a form of contribution to the Kubernetes project?,Contributor,23d21ad4
How can someone provide feedback as a contribution to the Kubernetes project?,Contributor,23d21ad4
What is an endpoint in the context of a Kubernetes Service?,Endpoints,b8724da7
How does the EndpointSlice controller function when a Service has a selector?,Endpoints,b8724da7
How can EndpointSlices be used for Services that do not have a selector?,Endpoints,b8724da7
"What defines immutable infrastructure, and why can't it be changed after deployment?",Immutable Infrastructure,8e9db3d1
How does immutability help in identifying and mitigating security risks?,Immutable Infrastructure,8e9db3d1
What role does automation play in enforcing immutability within an infrastructure?,Immutable Infrastructure,8e9db3d1
How are containers an example of immutable infrastructure?,Immutable Infrastructure,8e9db3d1
What is the relationship between immutable infrastructure and infrastructure as code?,Immutable Infrastructure,8e9db3d1
What are the possible ways to consume a ConfigMap in Kubernetes?,ConfigMap,a941f8ad
How does a ConfigMap help in making applications portable?,ConfigMap,a941f8ad
What kind of data is stored in a ConfigMap?,ConfigMap,a941f8ad
What is the purpose of extensions in Kubernetes?,Extensions,5e2f5f3c
Why might many Kubernetes users not need to install extensions themselves?,Extensions,5e2f5f3c
Do most Kubernetes users need to create their own extensions?,Extensions,5e2f5f3c
What is the role of etcd in a Kubernetes cluster?,etcd,a226e9fb
Why is it important to have a backup plan in place for etcd?,etcd,a226e9fb
Where can I find more detailed information about etcd?,etcd,a226e9fb
What is the purpose of using HostAliases in Kubernetes?,HostAliases,f47b1769
When are HostAliases applied to a Pod's hosts file?,HostAliases,f47b1769
Can HostAliases be used with hostNetwork Pods?,HostAliases,f47b1769
Where can you find more information about the HostAliases feature in Kubernetes?,HostAliases,f47b1769
Is it mandatory to specify HostAliases for a Pod?,HostAliases,f47b1769
What is the main purpose of CNI plugins in Kubernetes?,Container network interface (CNI),b2ceaf1b
What specification do CNI plugins follow?,Container network interface (CNI),b2ceaf1b
Where can more information about Kubernetes and CNI be found in the documentation?,Container network interface (CNI),b2ceaf1b
What is the primary purpose of a sidecar container in Kubernetes?,Sidecar Container,ae45514e
How do sidecar containers differ from regular app containers in terms of their lifecycle?,Sidecar Container,ae45514e
Where can I find more detailed information about sidecar containers in Kubernetes?,Sidecar Container,ae45514e
What role do DeviceClasses play in dynamic resource allocation within a Kubernetes cluster?,DeviceClass,3d398179
Who is responsible for defining DeviceClasses in a Kubernetes environment?,DeviceClass,3d398179
How are devices claimed in a workload using DeviceClasses?,DeviceClass,3d398179
Where can one find more information about Dynamic Resource Allocation related to DeviceClasses?,DeviceClass,3d398179
What is the role of the API server in Kubernetes?,API server,263d5008
How does the Kubernetes API server scale to handle increased demand?,API server,263d5008
What is kube-apiserver and where can its main implementation be found?,API server,263d5008
How can traffic be managed when multiple instances of kube-apiserver are deployed?,API server,263d5008
What component acts as the front end for the Kubernetes control plane?,API server,263d5008
What happens to a Kubernetes volume when a container within the pod restarts?,Volume,bd7a9717
How long does a Kubernetes volume exist in relation to the pod that contains it?,Volume,bd7a9717
Where can one find more details about Kubernetes storage concepts?,Volume,bd7a9717
What is the purpose of ResourceClaims in Kubernetes?,ResourceClaim,d5f30667
How do ResourceClaims facilitate dynamic resource allocation (DRA) for Pods?,ResourceClaim,d5f30667
Who can create ResourceClaims in a Kubernetes environment?,ResourceClaim,d5f30667
What is node-pressure eviction and how does it help manage resources on a Kubernetes node?,Node-pressure eviction,fecb13f1
Which resources does the kubelet monitor to trigger node-pressure eviction?,Node-pressure eviction,fecb13f1
How does node-pressure eviction differ from API-initiated eviction in Kubernetes?,Node-pressure eviction,fecb13f1
What actions does the kubelet take when resource consumption reaches critical levels on a node?,Node-pressure eviction,fecb13f1
Why is node-pressure eviction important for preventing resource starvation in a Kubernetes cluster?,Node-pressure eviction,fecb13f1
What role does preemption play in scheduling pending Pods?,Preemption,b7144de2
How does Kubernetes decide which Pods to evict when using preemption?,Preemption,b7144de2
What happens if a Pod cannot initially be scheduled on any Node?,Preemption,b7144de2
What is a container in the context of Kubernetes?,Container,0e7278cd
How do containers simplify application deployment across various environments?,Container,0e7278cd
What is the term used for applications running inside containers?,Container,0e7278cd
What does the process of containerization involve?,Container,0e7278cd
Why are containers considered lightweight and portable?,Container,0e7278cd
What is the minimum number of worker nodes required in a Kubernetes cluster?,Cluster,249694a4
What role do worker nodes play in managing application workloads?,Cluster,249694a4
How does the control plane contribute to fault-tolerance and high availability in a Kubernetes cluster?,Cluster,249694a4
What is the purpose of the aggregation layer in a Kubernetes cluster?,Aggregation Layer,ee043734
How can you extend your Kubernetes cluster to include additional APIs?,Aggregation Layer,ee043734
What is an `APIService` object used for in relation to the aggregation layer?,Aggregation Layer,ee043734
What does the legacy term 'hosting the' refer to in Kubernetes documentation?,Master,f03bde11
How is the legacy term still being used by provisioning tools and managed services?,Master,f03bde11
What role does the 'kubernetes.io/role' label play in the usage of the legacy term?,Master,f03bde11
What roles does a person involved in developing Kubernetes typically undertake?,Code Contributor,5f8b6080
Is contributing code the only way a developer can participate in the Kubernetes community?,Code Contributor,5f8b6080
What does it mean to be an active participant in the Kubernetes ecosystem?,Code Contributor,5f8b6080
What is the purpose of compiling separate processes into a single binary in Kubernetes?,kube-controller-manager,63c0a62f
Why is it beneficial to run multiple processes as a single process in the control plane component?,kube-controller-manager,63c0a62f
How does running processes as a single binary affect the complexity of Kubernetes components?,kube-controller-manager,63c0a62f
What is the purpose of CRI-O within the Kubernetes ecosystem?,CRI-O,b06f5d40
How does CRI-O enable Kubernetes to interact with container runtimes?,CRI-O,b06f5d40
"Can CRI-O work with container images from remote sources, and if so, how?",CRI-O,b06f5d40
What specification must the container runtimes adhere to for compatibility with CRI-O?,CRI-O,b06f5d40
Why might someone choose CRI-O when deploying Kubernetes?,CRI-O,b06f5d40
What are some examples of sensitive information that can be managed by Kubernetes Secrets?,Secret,1e6947ac
How are Secret values encoded and stored by default in Kubernetes?,Secret,1e6947ac
What are the methods a Pod can utilize to access a Secret in Kubernetes?,Secret,1e6947ac
What is the main difference between Secrets and ConfigMaps in terms of data confidentiality?,Secret,1e6947ac
What configuration change can be applied to enhance the security of stored Secrets in Kubernetes?,Secret,1e6947ac
What is the purpose of the Kubernetes downward API in relation to containers?,Downward API,b3a7464b
Why might a container need information about itself without directly accessing the Kubernetes API?,Downward API,b3a7464b
What are the two methods used by Kubernetes to provide Pod and container field values to containers?,Downward API,b3a7464b
How does the downward API help applications running in containers with accessing their context within a Kubernetes cluster?,Downward API,b3a7464b
Why is it beneficial for applications in containers to access field values without acting as a Kubernetes API client?,Downward API,b3a7464b
What role does the CNCF play in relation to container orchestration projects?,Cloud Native Computing Foundation (CNCF),4c9a5c67
How is Kubernetes related to the CNCF?,Cloud Native Computing Foundation (CNCF),4c9a5c67
What is the main goal of the CNCF?,Cloud Native Computing Foundation (CNCF),4c9a5c67
Under which larger organization does the CNCF operate?,Cloud Native Computing Foundation (CNCF),4c9a5c67
What is the connection between CNCF projects and microservices architecture?,Cloud Native Computing Foundation (CNCF),4c9a5c67
What is the role of an architect in the design of an application?,Application Architect,7f69215e
How does an architect ensure the scalability and maintainability of an application?,Application Architect,7f69215e
What are some examples of surrounding components an application must interact with?,Application Architect,7f69215e
Why is it important for an app's implementation to interact effectively with its surrounding components?,Application Architect,7f69215e
What aspects of application design does an architect focus on?,Application Architect,7f69215e
"What are the main cloud providers currently supported by kOps, and what are their support statuses?",kOps (Kubernetes Operations),1c93756c
How does kOps handle system failures within a Kubernetes cluster?,kOps (Kubernetes Operations),1c93756c
What role does DNS play in the functioning of kOps when managing Kubernetes clusters?,kOps (Kubernetes Operations),1c93756c
What are the operating systems that kOps supports for its Kubernetes installations?,kOps (Kubernetes Operations),1c93756c
In what ways can kOps set up the cloud infrastructure necessary for a Kubernetes cluster?,kOps (Kubernetes Operations),1c93756c
What are container environment variables in Kubernetes and what do they provide to running containers?,Container Environment Variables,c4e93a4e
What kind of information can container environment variables include for containerized applications?,Container Environment Variables,c4e93a4e
How do container environment variables relate to other cluster resources such as service endpoints in Kubernetes?,Container Environment Variables,c4e93a4e
What does the term 'downstream' refer to in the context of the Kubernetes Community?,Downstream (disambiguation),9d828e3a
How is the term 'downstream' used differently in GitHub or git compared to the Kubernetes Community?,Downstream (disambiguation),9d828e3a
What does it mean for an application to adopt a new feature 'downstream' in Kubernetes?,Downstream (disambiguation),9d828e3a
What is the relationship between upstream and downstream repositories in git conventions?,Downstream (disambiguation),9d828e3a
What is the purpose of NetworkPolicies in Kubernetes?,Network Policy,bc2fdfa2
How do NetworkPolicies define which Pods can communicate with each other?,Network Policy,bc2fdfa2
What components are necessary for a NetworkPolicy to be effective in controlling network traffic?,Network Policy,bc2fdfa2
What role do network plugins play in the implementation of NetworkPolicies?,Network Policy,bc2fdfa2
Can NetworkPolicies be used to specify communication rules across different namespaces?,Network Policy,bc2fdfa2
What is the purpose of Pod Priority in Kubernetes?,Pod Priority,6a3918c8
How does Pod Priority impact the scheduling of Pods in a cluster?,Pod Priority,6a3918c8
Why is Pod Priority considered important for workloads in production clusters?,Pod Priority,6a3918c8
What is the purpose of allowing a kube-apiserver to proxy resource requests to a different peer API server?,Mixed Version Proxy (MVP),56e11537
How does this feature benefit clusters with multiple API servers running different Kubernetes versions?,Mixed Version Proxy (MVP),56e11537
What must be done to activate the feature that allows the kube-apiserver to proxy requests?,Mixed Version Proxy (MVP),56e11537
Which feature gate needs to be enabled to use the kube-apiserver proxy feature?,Mixed Version Proxy (MVP),56e11537
Is the kube-apiserver proxy feature enabled by default in Kubernetes?,Mixed Version Proxy (MVP),56e11537
What does a stored instance of software contain that's necessary for running an application?,Image,be53a054
How is software packaged for storage and execution in a container within Kubernetes?,Image,be53a054
What type of information is included in the metadata of a container image?,Image,be53a054
Where can software packaged as a container be stored before it is pulled to a local system?,Image,be53a054
What kind of information does the metadata in a container image provide about the executable and its creator?,Image,be53a054
What is a disruption in Kubernetes and what is its impact on workload management?,Disruption,f98c6e23
How does Kubernetes define a voluntary disruption?,Disruption,f98c6e23
What is considered an involuntary disruption in Kubernetes?,Disruption,f98c6e23
What are some potential causes of involuntary disruptions in a Kubernetes cluster?,Disruption,f98c6e23
Where can I find more information about disruptions in Kubernetes?,Disruption,f98c6e23
What are device plugins used for in Kubernetes?,Device Plugin,a68d46fa
How do device plugins inform about available resources?,Device Plugin,a68d46fa
What are the methods to deploy a device plugin in Kubernetes?,Device Plugin,a68d46fa
Why might a device plugin require vendor-specific initialization?,Device Plugin,a68d46fa
Where can you find more detailed information on device plugins?,Device Plugin,a68d46fa
What is the main problem with using a simple hash-based scheme for assigning requests to queues?,Shuffle-sharding,f206f583
How does shuffle-sharding improve insulation between low-intensity and high-intensity request flows?,Shuffle-sharding,f206f583
"What metaphor is used to explain the shuffle-sharding technique, and how does it apply to queue selection?",Shuffle-sharding,f206f583
Why is the choice of hand size important in the shuffle-sharding technique?,Shuffle-sharding,f206f583
What characteristics of a request are typically used in a hash function to determine the queue index in a simple hash-based scheme?,Shuffle-sharding,f206f583
What are the three required properties of a core object in Kubernetes?,Toleration,e6f4d685
How do tolerations affect pod scheduling on nodes?,Toleration,e6f4d685
Can a pod with a specific toleration be scheduled on a node without a matching property?,Toleration,e6f4d685
What role do tolerations play in preventing pods from being scheduled on unsuitable nodes?,Toleration,e6f4d685
Is it necessary for a pod to be scheduled on a node if its toleration matches the node's properties?,Toleration,e6f4d685
What is the purpose of a UID in Kubernetes?,UID,e7d22294
How does Kubernetes ensure each object has a unique identity?,UID,e7d22294
Why is it important for every object in a Kubernetes cluster to have a distinct UID?,UID,e7d22294
Can UIDs help in distinguishing between similar entities over time in Kubernetes?,UID,e7d22294
What role does a UID play in managing the lifecycle of objects in a Kubernetes cluster?,UID,e7d22294
What are the two types of pod disruptions mentioned in Kubernetes?,Pod Disruption,3ea414e1
Who typically initiates voluntary pod disruptions?,Pod Disruption,3ea414e1
What are some causes of involuntary pod disruptions in Kubernetes?,Pod Disruption,3ea414e1
What is the primary function of a HorizontalPodAutoscaler (HPA) in Kubernetes?,Horizontal Pod Autoscaler,5b2c1651
To what types of Kubernetes objects can HorizontalPodAutoscaler be applied?,Horizontal Pod Autoscaler,5b2c1651
Why might a HorizontalPodAutoscaler not be suitable for certain Kubernetes objects?,Horizontal Pod Autoscaler,5b2c1651
What is the difference between Infrastructure as a Service (IaaS) and Platform as a Service (PaaS) in the context of cloud providers?,Cloud Provider,d8613296
What responsibilities does a cloud provider take on when offering a managed infrastructure service?,Cloud Provider,d8613296
"In a managed Kubernetes service, what components is the cloud provider responsible for overseeing?",Cloud Provider,d8613296
How does the role of a cloud provider change when offering Kubernetes as a managed service compared to a managed infrastructure service?,Cloud Provider,d8613296
What elements besides networking and storage might a cloud provider manage in a Platform as a Service offering?,Cloud Provider,d8613296
What type of interface does the Kubernetes application use to serve functionality and store the state of the cluster?,Kubernetes API,da0a2841
"In what format are Kubernetes resources and records of intent stored, and how can they be modified?",Kubernetes API,da0a2841
What does configuring Kubernetes through the API in a declarative way allow users to do?,Kubernetes API,da0a2841
"Besides direct interaction, what tool can users use to interact with the Kubernetes API?",Kubernetes API,da0a2841
How can the core Kubernetes API be extended?,Kubernetes API,da0a2841
What are the main responsibilities of a cluster operator in Kubernetes?,Cluster Operator,9aaf2d0a
How does a cluster operator's role differ from the Operator pattern in Kubernetes?,Cluster Operator,9aaf2d0a
What tasks might a cluster operator perform to ensure a cluster remains operational?,Cluster Operator,9aaf2d0a
What is the role of the container orchestration layer in Kubernetes?,Control Plane,7fd622e2
What forms can the components of the orchestration layer take when running on a host?,Control Plane,7fd622e2
How were the hosts running the orchestration layer components historically referred to?,Control Plane,7fd622e2
What is the primary role of kube-proxy in a Kubernetes cluster?,kube-proxy,ea11065c
How does kube-proxy facilitate communication to Pods within the cluster?,kube-proxy,ea11065c
What mechanism does kube-proxy use if the operating system packet filtering layer is unavailable?,kube-proxy,ea11065c
Does kube-proxy work with both internal and external network sessions?,kube-proxy,ea11065c
Where can I find more detailed information about kube-proxy's command-line tools?,kube-proxy,ea11065c
What is a JWT and why is it used in Kubernetes?,JSON Web Token (JWT),87b6269f
How does Kubernetes utilize JWTs for authentication?,JSON Web Token (JWT),87b6269f
Can JWTs be encrypted as well as digitally signed in Kubernetes?,JSON Web Token (JWT),87b6269f
What actions can the kubectl command line tool perform on Kubernetes objects?,Kubectl,6f49e891
How is the term 'kubectl' officially pronounced?,Kubectl,6f49e891
What does the kubectl tool use to interact with a Kubernetes cluster?,Kubectl,6f49e891
What are the different phases that a Pod can go through during its lifecycle?,Pod Lifecycle,7641016e
How is the current state of a Pod described in Kubernetes?,Pod Lifecycle,7641016e
Where can one find a high-level summary of a Pod's state?,Pod Lifecycle,7641016e
Why might a Pod's state be described as 'Unknown'?,Pod Lifecycle,7641016e
What is the significance of the PodStatus 'phase' field in Kubernetes?,Pod Lifecycle,7641016e
What is the purpose of a CronJob in Kubernetes?,CronJob,63912595
How does a CronJob determine when to execute a task?,CronJob,63912595
What format does a CronJob use to specify its schedule?,CronJob,63912595
In what way is a CronJob similar to a crontab file?,CronJob,63912595
Where can I find additional information about how a Job functions within Kubernetes?,CronJob,63912595
How are fractional numbers represented using SI suffixes in Kubernetes?,Quantity,694e8d1f
What is the representation of the number 1000 using SI suffixes?,Quantity,694e8d1f
Which units are considered power-of-10 and how are they represented?,Quantity,694e8d1f
What is the equivalent of the binary number 2048 using binary-notation suffixes?,Quantity,694e8d1f
How does the `k` in kilo differ in case compared to other SI units in Kubernetes?,Quantity,694e8d1f
What is the primary focus of an application developer in a Kubernetes cluster?,Application Developer,a83c0397
How might the scale of an application developer's focus in a Kubernetes cluster differ?,Application Developer,a83c0397
Who is responsible for writing applications that run within a Kubernetes cluster?,Application Developer,a83c0397
What is dockershim and which versions of Kubernetes include it?,Dockershim,63e6413d
When was dockershim removed from Kubernetes?,Dockershim,63e6413d
Where can I find more information about the removal of dockershim?,Dockershim,63e6413d
What is the purpose of the sysctl interface in Unix-like systems?,sysctl,a2c88367
In what two forms does sysctl exist on Unix-like systems?,sysctl,a2c88367
Why might some runtimes and network plugins depend on specific sysctl values?,sysctl,a2c88367
What types of machines can a Kubernetes worker node be?,Node,6c3a6944
Who manages the worker nodes in a Kubernetes cluster?,Node,6c3a6944
What were nodes called in the early versions of Kubernetes?,Node,6c3a6944
What is the purpose of using a verb in Kubernetes to track changes to an object?,Watch,f2065865
How does 'watch' contribute to detecting changes in Kubernetes?,Watch,f2065865
What is an example of a situation where a watch would be more efficient than polling in Kubernetes?,Watch,f2065865
Where can one find more information about efficient change detection in the Kubernetes API?,Watch,f2065865
What is the purpose of workload management in Kubernetes?,ReplicationController,00d3fcb5
How does the control plane maintain the correct number of Pods running?,ReplicationController,00d3fcb5
Why is ReplicationController no longer recommended in Kubernetes?,ReplicationController,00d3fcb5
What is a PriorityClass in Kubernetes and why is it important for scheduling Pods?,PriorityClass,69653f1f
"How does a PriorityClass map a name to an integer priority, and what fields are used to specify these?",PriorityClass,69653f1f
"What is the range of integer values for priority, and what does a higher value indicate in terms of priority?",PriorityClass,69653f1f
"Is a PriorityClass a namespaced object or not, and what does that imply?",PriorityClass,69653f1f
Where can the name of a PriorityClass be specified within its configuration?,PriorityClass,69653f1f
What is the primary purpose of FlexVolumes in Kubernetes?,FlexVolume,045efe41
Why does implementing FlexVolume drivers require root access?,FlexVolume,045efe41
What does the Storage SIG recommend as an alternative to FlexVolumes?,FlexVolume,045efe41
What are some potential limitations associated with FlexVolumes?,FlexVolume,045efe41
Where can users find more detailed information about FlexVolume usage and development?,FlexVolume,045efe41
What purpose does ensuring a copy of something running across multiple nodes serve?,DaemonSet,0d4eb61d
Why are system daemons like log collectors and monitoring agents deployed in this manner?,DaemonSet,0d4eb61d
What is typically required to run on every node according to the text?,DaemonSet,0d4eb61d
What are some contexts in which the term can have different meanings?,Developer (disambiguation),16492b66
Why is the term described as overloaded in the documentation?,Developer (disambiguation),16492b66
How should one approach understanding a term with multiple meanings in Kubernetes?,Developer (disambiguation),16492b66
What are feature gates in Kubernetes and what is their purpose?,Feature gate,1472974b
How can you enable or disable feature gates in a Kubernetes cluster?,Feature gate,1472974b
Are feature gates specific to each Kubernetes component or are they universal across all components?,Feature gate,1472974b
Where can you find a list of current feature gates and their functions in Kubernetes?,Feature gate,1472974b
What does the '--feature-gates' command line flag do in the context of Kubernetes components?,Feature gate,1472974b
What is the purpose of the operator pattern in Kubernetes?,Operator pattern,6833d8d1
How can Kubernetes be extended beyond its built-in controllers?,Operator pattern,6833d8d1
What role does a running application play in the operator pattern?,Operator pattern,6833d8d1
What is required for an application to be considered an example of the Operator pattern?,Operator pattern,6833d8d1
How does a controller perform tasks against a custom resource in Kubernetes?,Operator pattern,6833d8d1
What is the purpose of using the 'kubectl drain' command in a Kubernetes cluster?,Drain,0e37f131
How does 'kubectl drain' handle eviction requests that are temporarily rejected?,Drain,0e37f131
What happens to the pods on a node when 'kubectl drain' is executed?,Drain,0e37f131
What does it mean for a node to be marked as going out of service in Kubernetes?,Drain,0e37f131
"Is there a timeout for the 'kubectl drain' command, and what happens when it is reached?",Drain,0e37f131
What is the format of a URL that refers to a Kubernetes object?,Name,49ee3087
Can two objects of the same kind have the same name simultaneously?,Name,49ee3087
What happens if you delete an object with a specific name?,Name,49ee3087
Can you create a new object with the same name as a deleted object?,Name,49ee3087
What is the primary purpose of EndpointSlices in Kubernetes?,EndpointSlice,a900e810
Can EndpointSlices be manually configured even if they don't have specified selectors?,EndpointSlice,a900e810
How do EndpointSlices relate to the IP addresses of Pods?,EndpointSlice,a900e810
What is the purpose of namespaces in a Kubernetes cluster?,Namespace,b3ba0fe9
How does namespace-based scoping affect resource names in Kubernetes?,Namespace,b3ba0fe9
Which types of resources does namespace-based scoping apply to in Kubernetes?,Namespace,b3ba0fe9
Can you use namespaces to organize cluster-wide resources in Kubernetes?,Namespace,b3ba0fe9
Why do resource names need to be unique within a namespace?,Namespace,b3ba0fe9
What are ResourceSlices and what role do they play in dynamic resource allocation within a Kubernetes cluster?,ResourceSlice,70b67654
How does Kubernetes utilize ResourceSlices to allocate resources to a ResourceClaim?,ResourceSlice,70b67654
What happens when a is created in a Kubernetes cluster in terms of resource allocation and scheduling?,ResourceSlice,70b67654
Who or what is responsible for creating and managing ResourceSlices in a Kubernetes cluster?,ResourceSlice,70b67654
How do ResourceSlices contribute to the process of scheduling a Pod onto a node?,ResourceSlice,70b67654
What role do Helm charts play in managing Kubernetes applications?,Helm Chart,7d3f4658
How does a single Helm chart vary in terms of deployment complexity?,Helm Chart,7d3f4658
What are some examples of applications that can be deployed using a Helm chart?,Helm Chart,7d3f4658
What is a practical use of charts in the Kubernetes ecosystem?,Helm Chart,7d3f4658
How does Helm simplify the sharing of Kubernetes applications?,Helm Chart,7d3f4658
What factors determine the QoS Class assigned to a Pod in Kubernetes?,QoS Class,4e4fa3af
At what point is the QoS Class of a Pod determined?,QoS Class,4e4fa3af
What are the different QoS classes that Kubernetes can assign to a Pod?,QoS Class,4e4fa3af
How does Kubernetes use QoS classes in managing Pods?,QoS Class,4e4fa3af
What potential actions are influenced by a Pod's QoS Class in a Kubernetes cluster?,QoS Class,4e4fa3af
What is the purpose of a PodTemplate in Kubernetes?,PodTemplate,3f4dbf8b
How do workload management controllers use Pod templates?,PodTemplate,3f4dbf8b
In what situation would you have multiple Pods based on the same template?,PodTemplate,3f4dbf8b
Why might it be unnecessary to create a PodTemplate object directly?,PodTemplate,3f4dbf8b
What is the primary function of controllers in Kubernetes?,Controller,9bbf3737
How do controllers in Kubernetes monitor the state of the cluster?,Controller,9bbf3737
Which components are examples of controllers that run inside the control plane in Kubernetes?,Controller,9bbf3737
What is the relationship between the desired state and the current state in the context of Kubernetes controllers?,Controller,9bbf3737
Why are control loops crucial to the operations of Kubernetes?,Controller,9bbf3737
What fundamental hardware facilities do computers provide as resources in Kubernetes?,Resource (infrastructure),6df90e80
How does Kubernetes abstract resources for allocation to workloads?,Resource (infrastructure),6df90e80
What does Kubernetes utilize to manage resource consumption on nodes?,Resource (infrastructure),6df90e80
What is the purpose of dynamic resource allocation in Kubernetes?,Resource (infrastructure),6df90e80
What is the main purpose of the tool mentioned in the text?,Kubeadm,e1e3ce5e
What can kubeadm install in a Kubernetes setup?,Kubeadm,e1e3ce5e
How does the tool contribute to the security of a Kubernetes cluster?,Kubeadm,e1e3ce5e
What role does Istio play in managing traffic and integrating microservices?,Istio,82f0dea4
How does Istio's position in the network affect application code?,Istio,82f0dea4
What does the term 'service mesh' refer to in the context of Istio?,Istio,82f0dea4
How does Istio's control plane interact with different cluster management platforms like Kubernetes?,Istio,82f0dea4
What are the primary functions Istio provides in terms of policy enforcement and telemetry data aggregation?,Istio,82f0dea4
What operating systems can containerd run on as a daemon?,containerd,34c54dce
What are some of the main functions of containerd?,containerd,34c54dce
How does containerd handle container images?,containerd,34c54dce
What is the purpose of the agent that runs on each node in the Kubernetes cluster?,Kubelet,fd0bc66f
How does the kubelet ensure that the containers described in PodSpecs remain healthy?,Kubelet,fd0bc66f
Through what means does the kubelet receive the PodSpecs?,Kubelet,fd0bc66f
Does the kubelet manage containers that were not initiated by Kubernetes?,Kubelet,fd0bc66f
What is the consequence if a container was not created by Kubernetes in terms of management by the kubelet?,Kubelet,fd0bc66f
What types of cluster resources does Kubernetes garbage collection clean up?,Garbage Collection,3cd533ca
How does Kubernetes handle unused containers and images during garbage collection?,Garbage Collection,3cd533ca
What happens to failed Pods under the Kubernetes garbage collection process?,Garbage Collection,3cd533ca
How does Kubernetes manage completed Jobs through garbage collection?,Garbage Collection,3cd533ca
What role does the concept of ownership play in Kubernetes garbage collection?,Garbage Collection,3cd533ca
What advantage does dynamic provisioning offer to cluster administrators regarding storage management?,Dynamic Volume Provisioning,fd3f34cc
How does dynamic provisioning of storage work in Kubernetes?,Dynamic Volume Provisioning,fd3f34cc
What is the role of the API object in dynamic volume provisioning?,Dynamic Volume Provisioning,fd3f34cc
What is the primary function of cAdvisor in Kubernetes?,cAdvisor,6dd9ec20
How does cAdvisor collect and manage data for each container?,cAdvisor,6dd9ec20
What specific types of information does cAdvisor keep track of for containers?,cAdvisor,6dd9ec20
Does cAdvisor provide data on a machine-wide level or only at the container level?,cAdvisor,6dd9ec20
What kind of historical data does cAdvisor maintain for containers?,cAdvisor,6dd9ec20
What role do objects play in the Kubernetes API system?,Object,49703179
How does a Kubernetes object reflect a user's desired state for a cluster?,Object,49703179
What does Kubernetes do to maintain the state represented by an object after it's created?,Object,49703179
In what way does creating a Kubernetes object communicate with the system?,Object,49703179
Why is a Kubernetes object described as a 'record of intent'?,Object,49703179
What is the purpose of adding an ephemeral container to a Pod?,Ephemeral Container,42d83b79
Why are ephemeral containers not suitable for running part of the main workload?,Ephemeral Container,42d83b79
What limitations do ephemeral containers have in terms of scheduling and guarantees?,Ephemeral Container,42d83b79
Under what circumstances might one use an ephemeral container in Kubernetes?,Ephemeral Container,42d83b79
Are there any Kubernetes environments where ephemeral containers are not supported?,Ephemeral Container,42d83b79
What is the main function of a Volume Plugin in Kubernetes?,Volume Plugin,5e80cac9
What are the two types of volume plugins mentioned in the text?,Volume Plugin,5e80cac9
How do in tree volume plugins differ from out of tree plugins in terms of development and release cycle?,Volume Plugin,5e80cac9
What is the purpose of a ResourceClaimTemplate in Kubernetes?,ResourceClaimTemplate,0794e996
How does Kubernetes use ResourceClaimTemplates in dynamic resource allocation?,ResourceClaimTemplate,0794e996
What happens to a ResourceClaim object when the associated Pod terminates in Kubernetes?,ResourceClaimTemplate,0794e996
"How does Kubernetes ensure that each Pod accesses a separate, similar resource using ResourceClaimTemplates?",ResourceClaimTemplate,0794e996
In what scenario does Kubernetes automatically create ResourceClaim objects based on a template?,ResourceClaimTemplate,0794e996
What is the purpose of a manifest in Kubernetes?,Manifest,76c3e002
In what formats can a Kubernetes API object be specified?,Manifest,76c3e002
How many manifests can a single YAML file contain in Kubernetes?,Manifest,76c3e002
What role do finalizers play in the deletion process of Kubernetes objects?,Finalizer,d98b2083
How does Kubernetes indicate that an object is marked for deletion when it has finalizers?,Finalizer,d98b2083
What happens to an object in Kubernetes after the finalizers' conditions are met?,Finalizer,d98b2083
How can finalizers be used to manage resource deletion in Kubernetes?,Finalizer,d98b2083
What status code does Kubernetes return when a delete request is accepted for an object with finalizers?,Finalizer,d98b2083
What is the primary function of a cgroup in Linux?,cgroup (control group),f853338c
Which resources can be managed by a cgroup?,cgroup (control group),f853338c
How does a cgroup differ from individual process management in Linux?,cgroup (control group),f853338c
What does an API object do in Kubernetes with regards to managing applications?,Deployment,ea355214
How are replicas represented and distributed in a Kubernetes cluster?,Deployment,ea355214
What should you consider using if your application workloads require local state?,Deployment,ea355214
What is the purpose of certificates within a Kubernetes cluster?,Certificate,eb0f48a1
How do certificates ensure secure access to the Kubernetes API?,Certificate,eb0f48a1
Why is it necessary for applications inside the cluster to have validated certificates?,Certificate,eb0f48a1
What is the main purpose of Kubernetes in the context of containerized applications?,Glossary,31d109d1
How does Kubernetes ensure that containerized applications are deployed and managed consistently across different environments?,Glossary,31d109d1
What role do Kubernetes objects play in the management of an application's lifecycle?,Glossary,31d109d1
How does Kubernetes handle scaling of applications to accommodate varying loads?,Glossary,31d109d1
What are some benefits of using Kubernetes for managing microservices architectures?,Glossary,31d109d1
What is the purpose of working groups within the Kubernetes community?,WG (working group),f1f911cd
How do working groups differ from long-term organizational structures in Kubernetes?,WG (working group),f1f911cd
Where can I find more details about the existing working groups and SIGs in Kubernetes?,WG (working group),f1f911cd
What are logs used for in a Kubernetes cluster?,Logging,8db7df66
How can logs assist in debugging within a Kubernetes environment?,Logging,8db7df66
Why are logs important for monitoring activities in a cluster?,Logging,8db7df66
What types of logs can be found in a Kubernetes cluster?,Logging,8db7df66
How do logs contribute to understanding cluster events?,Logging,8db7df66
What is the purpose of a Contributor License Agreement (CLA) in the context of open source projects?,CLA (Contributor License Agreement),0ed59e46
How do CLAs assist in addressing potential legal issues related to contributions?,CLA (Contributor License Agreement),0ed59e46
In what way do CLAs relate to intellectual property in open source projects?,CLA (Contributor License Agreement),0ed59e46
What are some components that the infrastructure layer is responsible for in Kubernetes?,Cluster Infrastructure,b2f3b4e2
How does the infrastructure layer contribute to networking in a Kubernetes environment?,Cluster Infrastructure,b2f3b4e2
In what way does the infrastructure layer enhance security within Kubernetes?,Cluster Infrastructure,b2f3b4e2
What are the three essential properties of a core object related to scheduling in Kubernetes?,Taint,0f13555d
How do taints and tolerations function together to manage pod scheduling on nodes?,Taint,0f13555d
Why are taints applied to nodes in Kubernetes?,Taint,0f13555d
What is meant by a 'Managed Service' in the context of software offerings?,Managed Service,b083d43e
Can you give some examples of Managed Services provided by third-party providers?,Managed Service,b083d43e
"Are Managed Services limited to certain types of software, or can they be any software offering?",Managed Service,b083d43e
What is a static pod in Kubernetes and how is it managed?,Static Pod,18b35c41
How does the API server interact with static pods in Kubernetes?,Static Pod,18b35c41
What features or functionalities are not supported by static pods?,Static Pod,18b35c41
How does a StatefulSet ensure that each Pod maintains a unique identity even if rescheduled?,StatefulSet,f202d113
What is one advantage of using a StatefulSet when dealing with persistent storage volumes?,StatefulSet,f202d113
In what way does a StatefulSet differ from a Deployment in managing Pods?,StatefulSet,f202d113
Why might StatefulSet be a preferred choice when a sticky identity for Pods is required?,StatefulSet,f202d113
What is the primary function of a ResourceQuota in a Kubernetes namespace?,ResourceQuota,0b79951d
How does a ResourceQuota limit the creation of resources by type within a namespace?,ResourceQuota,0b79951d
In what way can a ResourceQuota manage overall resource consumption in a namespace?,ResourceQuota,0b79951d
What are user namespaces in the context of the Linux kernel?,user namespace,a1b02114
How do user namespaces help enhance container security?,user namespace,a1b02114
What distinction is made between namespaces in Linux and Kubernetes with regards to user namespaces?,user namespace,a1b02114
Why might a user choose to use user namespaces when running containers?,user namespace,a1b02114
How do user namespaces mitigate the risks of potential container break-out attacks?,user namespace,a1b02114
What is the main function of an init container in a Kubernetes pod?,Init Container,e02d70c6
How do init containers differ in execution order compared to regular app containers?,Init Container,e02d70c6
Do init containers stay running after the Pod has started?,Init Container,e02d70c6
Where can I find more detailed information about init containers in Kubernetes?,Init Container,e02d70c6
What is the purpose of the Gateway API in Kubernetes?,Gateway API,5c5ec427
How does the Gateway API differ from other API kinds in Kubernetes?,Gateway API,5c5ec427
What features make the Gateway API protocol-aware?,Gateway API,5c5ec427
How does the Gateway API support the different roles?,Gateway API,5c5ec427
In what aspect is the Gateway API described as extensible?,Gateway API,5c5ec427
What is the purpose of events in a Kubernetes cluster?,Event,a4ecfc70
Why should event consumers not depend on the timing or consistency of events?,Event,a4ecfc70
How does Kubernetes auditing differ from regular events?,Event,a4ecfc70
What is the recommended way to use events in Kubernetes?,Event,a4ecfc70
What is the retention policy for events in Kubernetes clusters?,Event,a4ecfc70
What is the purpose of using key-value pairs in Kubernetes annotations?,Annotation,55f6611c
What kind of data can be included in Kubernetes annotations?,Annotation,55f6611c
Who can access the metadata stored in Kubernetes annotations?,Annotation,55f6611c
Are there any restrictions on the size or format of data in Kubernetes annotations?,Annotation,55f6611c
Can characters that are usually not permitted be included in the metadata of Kubernetes annotations?,Annotation,55f6611c
What is the role of the Eviction API in the process of API-initiated eviction?,API-initiated eviction,602253aa
How can you request an eviction using the kube-apiserver?,API-initiated eviction,602253aa
What are two factors that API-initiated evictions take into account when terminating a pod?,API-initiated eviction,602253aa
How does API-initiated eviction differ from node-pressure eviction?,API-initiated eviction,602253aa
What is the purpose of a Service in a Kubernetes cluster?,Service,c2ba7e78
How does a Service determine which Pods to target?,Service,c2ba7e78
What happens to the network traffic when the set of Pods changes?,Service,c2ba7e78
What networking methods can Kubernetes Services use?,Service,c2ba7e78
How does the Service abstraction relate to mechanisms like Ingress and Gateway?,Service,c2ba7e78
What is the purpose of the 'securityContext' field in Kubernetes?,Security Context,1ac90aa9
Can you list some specific configurations you can define in a 'securityContext'?,Security Context,1ac90aa9
How does the 'PodSpec.securityContext' setting affect containers within a pod?,Security Context,1ac90aa9
What are some examples of security policies that can be configured in a 'securityContext'?,Security Context,1ac90aa9
Does the 'securityContext' allow for setting the user and group for running processes?,Security Context,1ac90aa9
What is the main purpose of eviction in Kubernetes?,Eviction,ac22e8a2
How many types of eviction are there in Kubernetes?,Eviction,ac22e8a2
What are the two kinds of eviction mentioned in the Kubernetes documentation?,Eviction,ac22e8a2
What is Minikube used for in the context of Kubernetes?,Minikube,43840b13
How does Minikube run a local Kubernetes cluster on your computer?,Minikube,43840b13
In what kind of environment can you use Minikube to try Kubernetes?,Minikube,43840b13
What are the two nested object fields that govern the configuration of a Kubernetes object?,Spec,85a2ca75
"When configuring the 'spec' field of a Kubernetes object, what information must be provided?",Spec,85a2ca75
"How does the 'spec' field differ among various Kubernetes objects like Pods, StatefulSets, and Services?",Spec,85a2ca75
What kind of settings are included in a Kubernetes object's 'spec' field for it to reach its desired state?,Spec,85a2ca75
How does Kubernetes use the 'spec' field to maintain the state of an object?,Spec,85a2ca75
What role does a cluster architect play in designing Kubernetes infrastructure?,Cluster Architect,09a35c88
What best practices do cluster architects focus on concerning distributed systems?,Cluster Architect,09a35c88
How does high availability factor into the responsibilities of a cluster architect?,Cluster Architect,09a35c88
In what ways do cluster architects ensure security within Kubernetes clusters?,Cluster Architect,09a35c88
Why might multiple Kubernetes clusters be deployed in a single infrastructure design?,Cluster Architect,09a35c88
What is a core function of Kubernetes in relation to container management?,Container Runtime,9a3ee949
Which container runtimes are compatible with Kubernetes?,Container Runtime,9a3ee949
What interface standard does Kubernetes rely on for container runtime implementations?,Container Runtime,9a3ee949
What is the difference between a Role and a ClusterRole in Kubernetes?,RBAC (Role-Based Access Control),b530205f
How does a RoleBinding differ from a ClusterRoleBinding in terms of scope and permissions?,RBAC (Role-Based Access Control),b530205f
What kinds of objects are used by RBAC to manage permissions in Kubernetes?,RBAC (Role-Based Access Control),b530205f
Can a Role be used to define permissions that apply across an entire Kubernetes cluster?,RBAC (Role-Based Access Control),b530205f
How can administrators dynamically configure access policies in Kubernetes?,RBAC (Role-Based Access Control),b530205f
What is the purpose of affinity in Kubernetes?,Affinity,ef5508a7
What are the two types of affinity mentioned in the text?,Affinity,ef5508a7
How does node affinity differ from pod-to-pod affinity?,Affinity,ef5508a7
What determines whether the affinity rules are required or preferred?,Affinity,ef5508a7
How does the scheduler use the affinity rules to decide pod placement?,Affinity,ef5508a7
What was the role of the deprecated Kubernetes API known as PodSecurityPolicy?,Pod Security Policy,686b0c46
In which version of Kubernetes was PodSecurityPolicy removed?,Pod Security Policy,686b0c46
What can be used as alternatives to PodSecurityPolicy after its removal in Kubernetes?,Pod Security Policy,686b0c46
When was PodSecurityPolicy deprecated in Kubernetes?,Pod Security Policy,686b0c46
What is Pod Security Admission in the context of Kubernetes?,Pod Security Policy,686b0c46
What is the main purpose of setting a Pod Disruption Budget in Kubernetes?,Pod Disruption Budget,fad51769
How does a Pod Disruption Budget impact voluntary pod evictions?,Pod Disruption Budget,fad51769
Can Pod Disruption Budgets prevent involuntary disruptions to pods?,Pod Disruption Budget,fad51769
Do involuntary pod disruptions affect the limits set by a Pod Disruption Budget?,Pod Disruption Budget,fad51769
What is the main purpose of a ReplicaSet in a Kubernetes cluster?,ReplicaSet,3f402161
How do workload objects utilize ReplicaSets in a Kubernetes environment?,ReplicaSet,3f402161
What does a ReplicaSet aim to ensure within a cluster according to its specifications?,ReplicaSet,3f402161
What is the primary role of a Pod in Kubernetes?,Pod,8a0813c7
How many primary containers does a Pod typically run?,Pod,8a0813c7
What additional features can sidecar containers provide in a Pod?,Pod,8a0813c7
Who usually manages Pods within a Kubernetes environment?,Pod,8a0813c7
What is the purpose of having multiple replicas of a pod in a Kubernetes cluster?,Replica,f8ef73dd
How does defining the number of replicas in a Deployment or ReplicaSet affect a Kubernetes cluster?,Replica,f8ef73dd
What benefits do replicas provide in terms of application availability and scalability?,Replica,f8ef73dd
In what ways do replicas contribute to the load balancing and update processes in Kubernetes?,Replica,f8ef73dd
How does Kubernetes handle a situation where the number of running instances differs from the specified number of replicas?,Replica,f8ef73dd
What does a resource represent in the Kubernetes type system?,API resource,0719b5ff
How is an operation on objects depicted in Kubernetes resources?,API resource,0719b5ff
What does each resource signify on the Kubernetes API server?,API resource,0719b5ff
How is the schema for objects or operations defined in the Kubernetes API server resources?,API resource,0719b5ff
What activities can members participate in through GitHub teams in the Kubernetes community?,Member,858ba476
What happens to a member's pull requests in terms of testing procedures?,Member,858ba476
What is expected of a member in the Kubernetes community in terms of contribution?,Member,858ba476
What is the primary function of the Kubernetes cloud controller manager?,Cloud Controller Manager,4629cd57
How does the cloud controller manager benefit the development pace between cloud providers and the Kubernetes project?,Cloud Controller Manager,4629cd57
What is the role of the cloud controller manager in managing components that interact with cloud platforms versus cluster-only components?,Cloud Controller Manager,4629cd57
What technology does Docker Engine use to achieve operating-system-level virtualization?,Docker,c5fd214c
Which Linux kernel features are utilized by Docker for resource isolation?,Docker,c5fd214c
How does Docker differ from traditional virtual machines in terms of resource management and overhead?,Docker,c5fd214c
What is a workload in the context of Kubernetes?,Workload,68eaabb9
What are some core objects in Kubernetes related to workloads?,Workload,68eaabb9
Can you give an example of how different parts of a workload might be distributed in Kubernetes?,Workload,68eaabb9
What is the purpose of using CEL in Kubernetes?,Common Expression Language,7b3b419f
How can CEL expressions be utilized with dynamic admission control in Kubernetes?,Common Expression Language,7b3b419f
In what way can CEL be applied to dynamic resource allocation in Kubernetes?,Common Expression Language,7b3b419f
What resources are essential for running containers within Kubernetes?,Data Plane,19ee64a7
How do containers connect to a network in Kubernetes?,Data Plane,19ee64a7
"What is the role of the layer that provides CPU, memory, network, and storage capacities?",Data Plane,19ee64a7
What is the role of a service account when processes inside Pods access the cluster?,ServiceAccount,5c24ffd6
What happens if you do not specify a service account when creating a Pod?,ServiceAccount,5c24ffd6
What service account is automatically assigned to a Pod if none is specified during its creation?,ServiceAccount,5c24ffd6
What does a Job in Kubernetes do?,Job,cf51066f
How does a Job ensure the specified number of Pods successfully complete?,Job,cf51066f
What does the Job do as Pods complete their tasks?,Job,cf51066f
What are Group Version Resources (GVRs) used for in Kubernetes?,Group Version Resource,90223ebe
How do GVRs help when APIs change?,Group Version Resource,90223ebe
What does the term 'resource' refer to in the context of GVRs?,Group Version Resource,90223ebe
Why might a GVR not refer to a specific namespace?,Group Version Resource,90223ebe
How do GVRs contribute to distinguishing different Kubernetes objects?,Group Version Resource,90223ebe
What role does a proxy server play in communication between a client and a remote service in computing?,Proxy,f56ec2ab
How does kube-proxy function as part of a Kubernetes cluster?,Proxy,f56ec2ab
What are the two modes kube-proxy can operate in and how do they differ in terms of resource usage?,Proxy,f56ec2ab
Why might someone choose to run kube-proxy in hybrid mode if their operating system supports it?,Proxy,f56ec2ab
"How does the communication process work between a client, proxy, and actual server?",Proxy,f56ec2ab
What is the role of the control plane component in scheduling newly created pods in Kubernetes?,kube-scheduler,81e0da1d
What are the factors considered when making scheduling decisions for pods in Kubernetes?,kube-scheduler,81e0da1d
How do affinity and anti-affinity specifications influence the scheduling of pods?,kube-scheduler,81e0da1d
In what ways does data locality impact the scheduling decisions in Kubernetes?,kube-scheduler,81e0da1d
Why might deadlines be an important factor in the scheduling process for Kubernetes workloads?,kube-scheduler,81e0da1d
What is the main purpose of an Ingress in Kubernetes?,Ingress,7d05c708
What functionalities can an Ingress offer in a Kubernetes cluster?,Ingress,7d05c708
Does an Ingress handle SSL termination for services in a Kubernetes cluster?,Ingress,7d05c708
Can an Ingress object provide virtual hosting features for a cluster?,Ingress,7d05c708
How does an Ingress relate to load balancing in Kubernetes?,Ingress,7d05c708
What aspects do approvers consider for the holistic acceptance of a Kubernetes code contribution?,Approver,8ac45c9b
How does the role of an approver differ from a code reviewer in the context of Kubernetes?,Approver,8ac45c9b
What was the previous title used for someone with approver status in Kubernetes?,Approver,8ac45c9b
To what extent is an approver's authority limited within the Kubernetes codebase?,Approver,8ac45c9b
What are Kubernetes add-ons and how do they enhance a cluster's functionality?,Add-ons,2ed9fe33
Where can I find more information about installing add-ons in Kubernetes?,Add-ons,2ed9fe33
What type of content would I expect to find in the Kubernetes documentation about add-ons?,Add-ons,2ed9fe33
What types of devices might be attached to a Kubernetes cluster?,Device,e0ac20ad
Why do attached devices usually require device drivers in Kubernetes?,Device,e0ac20ad
What is an example of custom hardware that could be attached to a Kubernetes environment?,Device,e0ac20ad
What are lifecycle hooks in Kubernetes and what purpose do they serve?,Container Lifecycle Hooks,73951e7d
What is the PostStart hook and when does it execute?,Container Lifecycle Hooks,73951e7d
How does the PreStop hook function and when is it triggered?,Container Lifecycle Hooks,73951e7d
Are lifecycle hooks associated with a specific part of container management?,Container Lifecycle Hooks,73951e7d
What is the main difference in the timing of execution between PostStart and PreStop hooks?,Container Lifecycle Hooks,73951e7d
What actions does the kubelet take when it discovers a static pod in its configuration?,Mirror Pod,e67ee101
How is a mirror pod related to the Kubernetes API server once created by the kubelet?,Mirror Pod,e67ee101
What effect does removing a mirror pod from the API server have on the kubelet's operation?,Mirror Pod,e67ee101
What is the role of application containers in the context of a pod?,App Container,45f2864b
Why might someone use an init container in a pod configuration?,App Container,45f2864b
"If a pod lacks init containers, what type of containers does it contain?",App Container,45f2864b
What does the duration format in Kubernetes represent and where is it derived from?,Duration,e02d2ae0
"How are Kubernetes durations expressed in the API, and what is their structure?",Duration,e02d2ae0
What are the valid time units you can use when specifying a duration in Kubernetes?,Duration,e02d2ae0
"Can a Kubernetes duration consist of multiple time quantities, and how are these quantities interpreted?",Duration,e02d2ae0
Could you give an example of how a duration might be formatted in Kubernetes?,Duration,e02d2ae0
How can you modify the activation status of an API group in Kubernetes?,API Group,2768dcc5
What is the purpose of having API groups within the Kubernetes API?,API Group,2768dcc5
Where can you find more detailed information on API groups and versioning in Kubernetes?,API Group,2768dcc5
What is the purpose of using selectors in Kubernetes?,Selector,0c3cd33e
How do selectors help when querying lists of resources in Kubernetes?,Selector,0c3cd33e
What role do labels play in the use of selectors for filtering resources?,Selector,0c3cd33e
What is the purpose of using CIDR in Kubernetes networking?,CIDR,fb34bfeb
How does CIDR facilitate IP address allocation in Kubernetes?,CIDR,fb34bfeb
Is CIDR applicable to both IPv4 and IPv6 in Kubernetes?,CIDR,fb34bfeb
What role does a subnet mask play in CIDR notation within Kubernetes?,CIDR,fb34bfeb
What is the primary protocol used by Kubernetes for communication with the Container Runtime?,Container Runtime Interface (CRI),6a621a1c
Which interface defines the gRPC protocol used for communication between node components and the Container Runtime in Kubernetes?,Container Runtime Interface (CRI),6a621a1c
Where can I find more details about node components in the Kubernetes architecture?,Container Runtime Interface (CRI),6a621a1c
What is the purpose of the Container Storage Interface (CSI) in Kubernetes?,Container Storage Interface (CSI),e7862e4a
How do custom storage plugins differ from traditional plugins in Kubernetes in terms of integration?,Container Storage Interface (CSI),e7862e4a
What is a necessary step before utilizing a CSI driver from a storage provider in a Kubernetes cluster?,Container Storage Interface (CSI),e7862e4a
Where can you find more detailed information on specific CSI drivers available for use with Kubernetes?,Container Storage Interface (CSI),e7862e4a
What is the purpose of the layer mentioned in the context of Kubernetes?,Applications,1ddf333c
What types of applications operate within this layer?,Applications,1ddf333c
How are the applications described in the text prepared for operation in this layer?,Applications,1ddf333c
What are the main components included in a StorageClass that help manage storage types?,Storage Class,8d89aed0
How can users request a specific storage type in Kubernetes?,Storage Class,8d89aed0
"What roles do 'provisioner', 'parameters', and 'reclaimPolicy' fields play in a StorageClass?",Storage Class,8d89aed0
What is the main purpose of a SIG in Kubernetes?,SIG (special interest group),bf5a3ef1
How do SIGs maintain governance within their groups?,SIG (special interest group),bf5a3ef1
Where can I find a list of current SIGs and Working Groups in Kubernetes?,SIG (special interest group),bf5a3ef1
What interests might members of a SIG share?,SIG (special interest group),bf5a3ef1
Can SIGs have their own methods of contribution and communication apart from the governance guidelines?,SIG (special interest group),bf5a3ef1
What is the primary purpose of a PersistentVolume in a Kubernetes cluster?,Persistent Volume,dc169184
How do PersistentVolumes abstract the details of storage provision and consumption?,Persistent Volume,dc169184
When would you use PersistentVolumeClaims instead of directly using PersistentVolumes?,Persistent Volume,dc169184
What are the differences between static provisioning and dynamic provisioning in the context of Kubernetes storage?,Persistent Volume,dc169184
What command can you use to list all images running in a Kubernetes cluster across all namespaces?,kubectl Quick Reference,03465c70
How can you retrieve the names and images of all pods specifically in the 'default' namespace?,kubectl Quick Reference,03465c70
"What is the correct command to list all images in a cluster, excluding a specific image named 'registry.k8s.io/coredns:1.6.2'?",kubectl Quick Reference,03465c70
"How would you display all metadata fields for pods in every namespace, regardless of their specific names?",kubectl Quick Reference,03465c70
What is the purpose of using the '-o=jsonpath' option in 'kubectl get pods'?,JSONPath Support,cdac89d1
How would you retrieve only the name of the first pod using the jsonpath option?,JSONPath Support,cdac89d1
"If you wanted to get the metadata name and status capacity of all pods, what would the jsonpath query look like?",JSONPath Support,cdac89d1
"In a Windows environment, how should a JSONPath template with spaces be quoted in a 'kubectl' command?",JSONPath Support,cdac89d1
What is the difference in output when getting pod information with '-o json' compared to '-o=jsonpath'?,JSONPath Support,cdac89d1
What are the main components of a Kubernetes cluster?,kubectl Commands,aecc7cc0
How does Kubernetes ensure that applications are running as desired?,kubectl Commands,aecc7cc0
What role do nodes play in a Kubernetes environment?,kubectl Commands,aecc7cc0
Can you explain the concept of a pod in Kubernetes?,kubectl Commands,aecc7cc0
How does Kubernetes handle scaling of applications?,kubectl Commands,aecc7cc0
What is the primary function of the kubectl command?,kubectl,0f12ee5c
Where can I find more detailed information about the kubectl tool?,kubectl,0f12ee5c
What is the basic syntax for using kubectl with flags?,kubectl,0f12ee5c
What are the main components of a Kubernetes cluster?,Introduction to kubectl,96890108
How does a Kubernetes Pod differ from a Node?,Introduction to kubectl,96890108
What role does the API server play in a Kubernetes cluster?,Introduction to kubectl,96890108
What is the primary purpose of Kubernetes in managing containerized applications?,Kubectl user preferences (kuberc),8789a9d4
How does Kubernetes ensure high availability for applications?,Kubectl user preferences (kuberc),8789a9d4
Can you explain the role of a pod within Kubernetes?,Kubectl user preferences (kuberc),8789a9d4
What mechanisms does Kubernetes use to scale applications automatically?,Kubectl user preferences (kuberc),8789a9d4
How does Kubernetes handle resource allocation for different applications?,Kubectl user preferences (kuberc),8789a9d4
What are the basic components of a Kubernetes cluster?,kubectl reference,58e490dc
How does Kubernetes manage containerized applications across a cluster?,kubectl reference,58e490dc
What role does the Kubernetes API server play in the cluster architecture?,kubectl reference,58e490dc
Can you explain how Kubernetes uses controllers and schedulers?,kubectl reference,58e490dc
What is the purpose of a pod in Kubernetes?,kubectl reference,58e490dc
What command would you use to update the service account in a cluster role binding?,kubectl set subject,19ee0bd4
How can you update a role binding to include multiple users and a group?,kubectl set subject,19ee0bd4
What does the --dry-run=client option do when updating rolebinding subjects?,kubectl set subject,19ee0bd4
What happens to an existing selector on a resource when a new selector is set?,kubectl set selector,ac37f03f
What are the character and length requirements for setting a selector?,kubectl set selector,ac37f03f
Which resource type currently supports setting selectors with this method?,kubectl set selector,ac37f03f
How does specifying the --resource-version affect the update process for selectors?,kubectl set selector,ac37f03f
"In the provided example, what purpose does the --dry-run=client option serve?",kubectl set selector,ac37f03f
What are the possible resources where environment variables can be managed in Kubernetes?,kubectl set env,33c47c3e
How can you update the environment variables of a specific deployment to include a new key-value pair?,kubectl set env,33c47c3e
What command would you use to list all environment variables for a specific deployment?,kubectl set env,33c47c3e
How can environment variables be imported from a config map with a specified prefix using kubectl?,kubectl set env,33c47c3e
What is the command to remove an environment variable from all deployment configurations while targeting a specific container?,kubectl set env,33c47c3e
What command is used to update the service account of a deployment?,kubectl set serviceaccount,6a49db46
Which resources can have their service account updated using the given command?,kubectl set serviceaccount,6a49db46
How can you simulate updating a deployment's service account without sending the command to the API server?,kubectl set serviceaccount,6a49db46
What happens if a request is not specified for a compute resource like CPU or memory?,kubectl set resources,4ee82c41
How can you set both limits and requests for CPU and memory on a deployment's container using kubectl?,kubectl set resources,4ee82c41
What command would you use to remove resource requests for a deployment's containers?,kubectl set resources,4ee82c41
How can you update resource limits for a container in a YAML file locally without applying changes to the server?,kubectl set resources,4ee82c41
What Kubernetes command would you use to update the image of a specific container in a deployment to a new version?,kubectl set image,3576381d
How can you update the image of all containers in a specific daemonset to a specified image?,kubectl set image,3576381d
Which flag would allow you to update the container image from a file without connecting to the server?,kubectl set image,3576381d
"Can you update multiple resource types, like deployments and replication controllers, at the same time using a single command?",kubectl set image,3576381d
Is it possible to specify multiple containers and their respective images in one command when updating a resource?,kubectl set image,3576381d
What is the purpose of the 'kubectl set' command in Kubernetes?,kubectl set,ea602a47
How does the 'kubectl set SUBCOMMAND' syntax help in managing application resources?,kubectl set,ea602a47
What type of changes can be made to application resources using 'kubectl set'?,kubectl set,ea602a47
What command would you use to start a pod with a specific name and image?,kubectl run,647cbc0a
How can you expose a specific port on a pod using the kubectl run command?,kubectl run,647cbc0a
What is the purpose of using the --dry-run option when running a pod?,kubectl run,647cbc0a
How do you set multiple environment variables when starting a pod with the kubectl run command?,kubectl run,647cbc0a
What does the --overrides option achieve when starting a pod?,kubectl run,647cbc0a
What command can be used to print all supported API resources on a Kubernetes server?,kubectl api-resources,b703bead
How can you print the supported API resources along with additional details?,kubectl api-resources,b703bead
Which command would you use to sort the list of supported API resources by name?,kubectl api-resources,b703bead
How do you display only the API resources that are namespaced?,kubectl api-resources,b703bead
"How can you list API resources from a specific API group, such as 'rbac.authorization.k8s.io'?",kubectl api-resources,b703bead
What are annotations in Kubernetes and how do they differ from labels?,kubectl annotate,3b9fa335
What happens if I try to add an annotation that already exists and how can it be resolved?,kubectl annotate,3b9fa335
How can you update an annotation on multiple Kubernetes resources at once?,kubectl annotate,3b9fa335
What is the purpose of the --resource-version flag in the context of modifying annotations?,kubectl annotate,3b9fa335
How do you remove an annotation from a Kubernetes resource?,kubectl annotate,3b9fa335
What is the default output destination when running the 'kubectl cluster-info dump' command without specifying an output directory?,kubectl cluster-info dump,9ce0785e
"How can you include log data for pods in the cluster information dump, and where are these logs organized?",kubectl cluster-info dump,9ce0785e
Which flag would you use if you want to include information from all namespaces in the cluster dump?,kubectl cluster-info dump,9ce0785e
How can you specify a particular directory location to save the cluster dump files?,kubectl cluster-info dump,9ce0785e
"If you need to dump information from specific namespaces only, which flag allows you to do that?",kubectl cluster-info dump,9ce0785e
What command is used to display the addresses of the control plane and services in Kubernetes?,kubectl cluster-info,7e05cfcc
Which label is associated with the services whose addresses are displayed by the 'kubectl cluster-info' command?,kubectl cluster-info,7e05cfcc
What command can be used to debug and diagnose cluster issues in Kubernetes?,kubectl cluster-info,7e05cfcc
"In the context of 'kubectl cluster-info', what is the purpose of using flags?",kubectl cluster-info,7e05cfcc
What type of information does 'kubectl cluster-info' output provide?,kubectl cluster-info,7e05cfcc
What is the purpose of the 'kubectl explain' command in Kubernetes?,kubectl explain,25a6e17a
How can you retrieve information about all fields of a resource using 'kubectl explain'?,kubectl explain,25a6e17a
What does the API version parameter do in the 'kubectl explain' command?,kubectl explain,25a6e17a
How is information about each field retrieved and formatted from the server?,kubectl explain,25a6e17a
What command would you use to get the explanation of a specific field within a Kubernetes resource?,kubectl explain,25a6e17a
How can you describe resources in Kubernetes using their name prefix or label selector?,kubectl describe,53f41626
What is the command to get a detailed description of all resources of a particular type using kubectl?,kubectl describe,53f41626
"If you wanted to describe all pods created by a specific replication controller, which command would you use?",kubectl describe,53f41626
How does kubectl handle a request if there is no exact match for the TYPE and NAME_PREFIX provided?,kubectl describe,53f41626
What command can you use to describe a resource using a configuration file in Kubernetes?,kubectl describe,53f41626
What is the default editor used for editing resources if the KUBE_EDITOR or EDITOR environment variables are not set?,kubectl edit,890eaa78
How can you specify to edit a resource in JSON format instead of the default YAML?,kubectl edit,890eaa78
What should you do if another editor changes a resource on the server while you are editing it?,kubectl edit,890eaa78
"Can you edit multiple resources at once with the edit command, and how are changes applied in such cases?",kubectl edit,890eaa78
How can you specify to use Windows line endings when editing a resource?,kubectl edit,890eaa78
How can you retrieve logs from a pod that has multiple containers?,kubectl logs,66b92e95
What option should be used to stream logs from a pod and continue logging even if errors occur?,kubectl logs,66b92e95
How can you obtain logs from a specific pod but limit the log file size to a certain number of bytes?,kubectl logs,66b92e95
What command would you use to get logs from all containers in pods that have a specific label?,kubectl logs,66b92e95
How can you fetch logs from a job named 'hello'?,kubectl logs,66b92e95
What does the 'kubectl create namespace' command do in Kubernetes?,kubectl create namespace,e4221b52
How can you create a namespace called 'my-namespace' using kubectl?,kubectl create namespace,e4221b52
What options are available for the --dry-run flag when creating a namespace?,kubectl create namespace,e4221b52
How can you request a service account token for a specific namespace using kubectl?,kubectl create token,a0890912
What command would you use to get a token with a custom expiration time for a service account?,kubectl create token,a0890912
How can you request a token with a specific audience using the kubectl command?,kubectl create token,a0890912
"What is the purpose of binding a token to a Secret object, and how is it specified in the command?",kubectl create token,a0890912
How do you request a token bound to a Secret object with a specific UID?,kubectl create token,a0890912
What command would you use to create an ingress that directs all requests to '/path' to a specific service and specifies an Ingress Class?,kubectl create ingress,6ea305f1
How can you create an ingress that uses TLS with a specified secret and a path type of Prefix?,kubectl create ingress,6ea305f1
What is the command to create an ingress with multiple paths for the same host 'foo.com'?,kubectl create ingress,6ea305f1
How do you create an ingress with two specific annotations and a default Ingress Class?,kubectl create ingress,6ea305f1
In what way can you create a default backend for an ingress using the specified command syntax?,kubectl create ingress,6ea305f1
What command would you use to create a deployment named 'my-dep' that uses the busybox image and specifies a command to run?,kubectl create deployment,dd580d9f
How can you create a deployment with a specific number of replicas using the nginx image?,kubectl create deployment,dd580d9f
What is the command for creating a deployment that uses multiple container images?,kubectl create deployment,dd580d9f
"Is it possible to specify a port to be exposed when creating a deployment, and if so, how?",kubectl create deployment,dd580d9f
What are the basic requirements when using 'kubectl create deployment' to set up a deployment?,kubectl create deployment,dd580d9f
What is the purpose of using the command 'kubectl create service loadbalancer NAME' in Kubernetes?,kubectl create service loadbalancer,7646bf18
How do you specify the ports when creating a LoadBalancer service using kubectl?,kubectl create service loadbalancer,7646bf18
What is the effect of using the '--dry-run' flag when creating a LoadBalancer service?,kubectl create service loadbalancer,7646bf18
Can you provide an example of creating a LoadBalancer service with a specific name and port forwarding?,kubectl create service loadbalancer,7646bf18
What does the parameter '--tcp=port:targetPort' represent in the command to create a LoadBalancer service?,kubectl create service loadbalancer,7646bf18
What is the purpose of creating an ExternalName service in Kubernetes?,kubectl create service externalname,950f6633
How does an ExternalName service differ from a regular service in Kubernetes?,kubectl create service externalname,950f6633
What command would you use to create an ExternalName service named 'my-ns' that points to 'bar.com'?,kubectl create service externalname,950f6633
What do the options --dry-run=server|client|none specify when creating an ExternalName service?,kubectl create service externalname,950f6633
What is an example of when you might use an ExternalName service in Kubernetes?,kubectl create service externalname,950f6633
What is the purpose of a docker-registry type secret in Kubernetes?,kubectl create secret,d71a7259
How is a generic type secret referred to in Kubernetes terminology?,kubectl create secret,d71a7259
What does a tls type secret contain in Kubernetes?,kubectl create secret,d71a7259
What is the purpose of the '--value' option when creating a priority class?,kubectl create priorityclass,7b55dce5
How would you set a priority class as the global default priority?,kubectl create priorityclass,7b55dce5
What does the '--preemption-policy' option do when creating a priority class?,kubectl create priorityclass,7b55dce5
How can you specify a dry run when creating a priority class?,kubectl create priorityclass,7b55dce5
"Can two priority classes have the same value, and what happens if they do?",kubectl create priorityclass,7b55dce5
What is the purpose of a pod disruption budget in Kubernetes?,kubectl create poddisruptionbudget,29a13236
How do you specify which pods a disruption budget applies to?,kubectl create poddisruptionbudget,29a13236
What does the '--min-available' option define when creating a pod disruption budget?,kubectl create poddisruptionbudget,29a13236
What would happen if the specified number or percentage of available pods is not met according to the pod disruption budget?,kubectl create poddisruptionbudget,29a13236
How can you create a pod disruption budget for an app with a specific label?,kubectl create poddisruptionbudget,29a13236
What is the default behavior for the key and value when creating a config map from a file?,kubectl create configmap,a7ff9e0c
How does Kubernetes handle directory entries that are not regular files when creating a config map from a directory?,kubectl create configmap,a7ff9e0c
Can you specify custom keys instead of using the file basenames when creating a config map from files?,kubectl create configmap,a7ff9e0c
How can you create a config map using literal key-value pairs?,kubectl create configmap,a7ff9e0c
What command can you use to create a config map from environment variable files?,kubectl create configmap,a7ff9e0c
What is the general command syntax for creating a service in Kubernetes using the specified subcommand?,kubectl create service,8ef67423
How can you ensure the output of a service creation is in JSON format?,kubectl create service,8ef67423
What is the role of flags when using the kubectl create service command?,kubectl create service,8ef67423
What is the purpose of the 'kubectl create clusterrolebinding' command in Kubernetes?,kubectl create clusterrolebinding,42a027ab
How can a user create a cluster role binding for multiple users and a group using the cluster-admin role?,kubectl create clusterrolebinding,42a027ab
What does the '--dry-run' option do in the 'kubectl create clusterrolebinding' command?,kubectl create clusterrolebinding,42a027ab
What is the default behavior for naming the key when creating a secret from a file?,kubectl create secret generic,e6e242de
How does Kubernetes handle directory entries that are not regular files when creating a secret from a directory?,kubectl create secret generic,e6e242de
"Can you specify custom keys when creating a secret from files, and if so, how?",kubectl create secret generic,e6e242de
What is the purpose of the '--dry-run' option in the 'kubectl create secret' command?,kubectl create secret generic,e6e242de
How can you create a Kubernetes secret using a combination of files and literal values?,kubectl create secret generic,e6e242de
What command would you use to set hard limits on resources like CPU and memory for a new quota named 'my-quota'?,kubectl create quota,f1163f14
How can you specify scopes when creating a resource quota in Kubernetes?,kubectl create quota,f1163f14
What is the purpose of the '--dry-run' option in the 'kubectl create quota' command?,kubectl create quota,f1163f14
How would you create a resource quota with a specific scope of 'BestEffort' for a  'best-effort' quota?,kubectl create quota,f1163f14
What are some of the resources you can set limits on when creating a resource quota in Kubernetes?,kubectl create quota,f1163f14
What prerequisites are needed before creating a TLS secret using a public/private key pair?,kubectl create secret tls,cc3bf0be
What file format should the public key certificate be encoded in when creating a TLS secret?,kubectl create secret tls,cc3bf0be
How do you create a TLS secret named 'tls-secret' using kubectl?,kubectl create secret tls,cc3bf0be
What is the purpose of the '--dry-run' option in the 'kubectl create secret' command?,kubectl create secret tls,cc3bf0be
What paths should be specified in the kubectl command to create a TLS secret?,kubectl create secret tls,cc3bf0be
What is the purpose of specifying a schedule in the cron job command?,kubectl create cronjob,9a989473
How can you create a cron job with a specific command to execute?,kubectl create cronjob,9a989473
What is the function of the image parameter when creating a cron job?,kubectl create cronjob,9a989473
How often will a cron job scheduled with '*/1 * * * *' execute?,kubectl create cronjob,9a989473
What does the '--' signify in the cron job creation command?,kubectl create cronjob,9a989473
What is the basic command structure to create a job in Kubernetes?,kubectl create job,15a5b01e
How can you specify an image for the job you are creating?,kubectl create job,15a5b01e
What command would you use if you want to create a job based on an existing cron job?,kubectl create job,15a5b01e
"Can you specify a particular command for the job to execute and if so, how?",kubectl create job,15a5b01e
What does the `--from` flag do when creating a job?,kubectl create job,15a5b01e
What is the purpose of the '--tcp' flag when creating a ClusterIP service?,kubectl create service clusterip,d40cfb15
How can you specify a ClusterIP service to run in headless mode?,kubectl create service clusterip,d40cfb15
What does the '--dry-run' option do when creating a service clusterip?,kubectl create service clusterip,d40cfb15
"What command would you use to create a role that allows getting, watching, and listing pods in Kubernetes?",kubectl create role,2ce03fe9
How can you specify multiple resource names for a role in Kubernetes?,kubectl create role,2ce03fe9
How do you create a role in Kubernetes with actions specified for a subresource?,kubectl create role,2ce03fe9
What is the primary purpose of using a role binding in Kubernetes?,kubectl create rolebinding,b2569f93
How can you specify multiple users and groups when creating a role binding?,kubectl create rolebinding,b2569f93
What is the difference between using --role=NAME and --clusterrole=NAME when creating a role binding?,kubectl create rolebinding,b2569f93
How can you create a role binding specifically for a service account in Kubernetes?,kubectl create rolebinding,b2569f93
What is the function of the --dry-run option in the role binding command?,kubectl create rolebinding,b2569f93
What is the purpose of creating a Dockercfg secret in Kubernetes?,kubectl create secret docker-registry,64214de0
How can you authenticate to a Docker registry using the Docker command line?,kubectl create secret docker-registry,64214de0
What information is necessary to create a docker-registry secret using kubectl?,kubectl create secret docker-registry,64214de0
Is the email address mandatory when authenticating to a Docker registry or creating a Docker secret?,kubectl create secret docker-registry,64214de0
How can you create a Kubernetes secret from an existing .docker/config.json file?,kubectl create secret docker-registry,64214de0
What does the command 'kubectl create service nodeport NAME' do in a Kubernetes context?,kubectl create service nodeport,9f6949e2
"In the given example command, what is the significance of '--tcp=5678:8080'?",kubectl create service nodeport,9f6949e2
What is the purpose of using the '--dry-run' option when creating a NodePort service?,kubectl create service nodeport,9f6949e2
What name is given to the new NodePort service in the example provided?,kubectl create service nodeport,9f6949e2
How can you specify a target port when creating a NodePort service using kubectl?,kubectl create service nodeport,9f6949e2
What is the purpose of using 'kubectl create serviceaccount' command in Kubernetes?,kubectl create serviceaccount,8b2d0bc3
How can you create a service account with a specific name in Kubernetes?,kubectl create serviceaccount,8b2d0bc3
What does the '--dry-run' option do when creating a service account in Kubernetes?,kubectl create serviceaccount,8b2d0bc3
Provide an example command to create a service account named 'my-service-account'.,kubectl create serviceaccount,8b2d0bc3
What are the possible values for the '--dry-run' option when creating a service account?,kubectl create serviceaccount,8b2d0bc3
What is the purpose of specifying multiple verbs in the cluster role creation command?,kubectl create clusterrole,809b0671
How can you create a cluster role that allows accessing specific pod resources by name?,kubectl create clusterrole,809b0671
What does specifying a NonResourceURL in the cluster role entail?,kubectl create clusterrole,809b0671
How does specifying an AggregationRule when creating a cluster role affect its functionality?,kubectl create clusterrole,809b0671
What is the significance of specifying an API Group when creating a cluster role?,kubectl create clusterrole,809b0671
What file formats are accepted for creating a resource with kubectl?,kubectl create,d4d4ea5a
How can you create a pod using information from a file?,kubectl create,d4d4ea5a
What command allows you to create a pod using data passed through stdin?,kubectl create,d4d4ea5a
How can you edit a YAML file in JSON format before creating a resource?,kubectl create,d4d4ea5a
What command should I use to display the supported API versions in Kubernetes?,kubectl api-versions,96acd4b2
In what format are the supported API versions displayed when using the appropriate command?,kubectl api-versions,96acd4b2
"Is there a JSON output format available for listing supported API versions, and if so, what is it?",kubectl api-versions,96acd4b2
How can you execute a command in a specific container within a pod?,kubectl exec,f8788db9
What is the purpose of using the '-c' option with 'kubectl exec'?,kubectl exec,f8788db9
How do you use 'kubectl exec' to open an interactive shell in a container?,kubectl exec,f8788db9
What should you be careful about when running a command with flags using 'kubectl exec'?,kubectl exec,f8788db9
How do you execute a command in a pod from a deployment or service using 'kubectl exec'?,kubectl exec,f8788db9
What is the format required for a label key and value when updating a resource in Kubernetes?,kubectl label,53dea42b
How does the --overwrite flag affect the behavior when updating labels on a resource?,kubectl label,53dea42b
What happens if you use the --resource-version flag while updating labels on a resource?,kubectl label,53dea42b
Can you update all pods in a namespace with a specific label in one command? How?,kubectl label,53dea42b
How can you remove a specific label from a pod without using the --overwrite flag?,kubectl label,53dea42b
"What command would you use to list all pods with detailed information, such as the node name, in Kubernetes?",kubectl get,97e3c70d
How can you specify which attributes of a fetched resource should be displayed using a template?,kubectl get,97e3c70d
Which command is used to list all deployments in the 'v1' version of the 'apps' API group in JSON format?,kubectl get,97e3c70d
"If you want to list resources in a specific namespace, how would you include the namespace in the command?",kubectl get,97e3c70d
How can you display the phase value of a specific pod using the kubectl get command?,kubectl get,97e3c70d
What are the different arguments you can specify when deleting resources in Kubernetes?,kubectl delete,3eb43484
"What does the --grace-period flag do when deleting resources, and when might it be ignored?",kubectl delete,3eb43484
"What is the risk of force deleting a pod, especially in relation to shared storage or remote APIs?",kubectl delete,3eb43484
How can you delete resources from a directory containing a kustomization.yaml file?,kubectl delete,3eb43484
What is a potential consequence of deleting a resource if someone else submits an update at the same time?,kubectl delete,3eb43484
What command can you use to view the resource usage of pods in Kubernetes?,kubectl top pod,24d99e73
"If you want to view the resource consumption of a specific pod by its name, what syntax would you use?",kubectl top pod,24d99e73
How can you display metrics for pods that are selected using a specific label?,kubectl top pod,24d99e73
What might cause a delay in the availability of resource usage metrics for newly created pods?,kubectl top pod,24d99e73
How do you view the resource usage metrics for all pods within a specific namespace in Kubernetes?,kubectl top pod,24d99e73
What is the purpose of the 'kubectl top node' command?,kubectl top node,a2652109
How can you display the resource usage for all nodes using kubectl?,kubectl top node,a2652109
What specific information can you view by using 'kubectl top node NODE_NAME'?,kubectl top node,a2652109
What is the primary function of the 'kubectl top' command in Kubernetes?,kubectl top,47158b98
Why might the resource metrics provided by Kubernetes differ from those offered by OS tools like 'top'?,kubectl top,47158b98
What prerequisites must be met for the 'kubectl top' command to operate correctly?,kubectl top,47158b98
In what situations would a Kubernetes user choose to use the 'kubectl top' command?,kubectl top,47158b98
Why is the 'kubectl top' command not suitable for high-accuracy reporting or alerting in Kubernetes environments?,kubectl top,47158b98
What is the purpose of specifying preconditions with the scale command in Kubernetes?,kubectl scale,711c3179
How can you scale a replica set named 'foo' to 3 replicas using kubectl?,kubectl scale,711c3179
What command would you use to scale a Kubernetes resource specified in a file named 'foo.yaml'?,kubectl scale,711c3179
How can you ensure that a deployment is only scaled if its current replica count is a specific number?,kubectl scale,711c3179
"Can you scale multiple replication controllers at once and, if so, how?",kubectl scale,711c3179
What are the components of a taint in Kubernetes and how are they expressed?,kubectl taint,03f1623c
What are the rules for formatting the key and value of a taint?,kubectl taint,03f1623c
What taint effects are allowed in Kubernetes and what do they signify?,kubectl taint,03f1623c
How can a taint be removed from a node if it matches a specific key and effect?,kubectl taint,03f1623c
Can taints be applied to resources other than nodes in Kubernetes?,kubectl taint,03f1623c
How do you perform a rollback to the previous deployment in Kubernetes?,kubectl rollout undo,f5e66daa
"What is the command to roll back a daemonset to a specific revision, such as revision 3?",kubectl rollout undo,f5e66daa
What does the --dry-run=server flag do when performing a rollback on a deployment?,kubectl rollout undo,f5e66daa
What is the effect of resuming a paused resource in Kubernetes?,kubectl rollout resume,78659d0e
Which type of Kubernetes resource supports being resumed after being paused?,kubectl rollout resume,78659d0e
What is the specific kubectl command to resume a paused deployment named 'nginx'?,kubectl rollout resume,78659d0e
What is the purpose of the 'kubectl rollout restart RESOURCE' command?,kubectl rollout restart,28644f68
How can you restart all deployments within a specific namespace using kubectl?,kubectl rollout restart,28644f68
What command would you use to restart a specific deployment named 'nginx'?,kubectl rollout restart,28644f68
How do you restart a daemon set using kubectl?,kubectl rollout restart,28644f68
"How can you restart deployments that have a specific label, such as 'app=nginx'?",kubectl rollout restart,28644f68
What is the purpose of the 'rollout status' command in Kubernetes?,kubectl rollout status,84913dcf
How can you avoid waiting for the rollout to complete using the 'rollout status' command?,kubectl rollout status,84913dcf
What does 'rollout status' do if a new rollout occurs while it's still monitoring the previous one?,kubectl rollout status,84913dcf
How can you watch a specific revision of a rollout and terminate if it gets replaced by another?,kubectl rollout status,84913dcf
What command would you use to check the rollout status of a deployment named 'nginx'?,kubectl rollout status,84913dcf
What does it mean for a Kubernetes resource to be paused?,kubectl rollout pause,a197ed1e
Which resources support the pause functionality in Kubernetes?,kubectl rollout pause,a197ed1e
How can a paused resource be resumed in Kubernetes?,kubectl rollout pause,a197ed1e
Will a paused deployment continue its current operations?,kubectl rollout pause,a197ed1e
What is the effect of updating a paused deployment?,kubectl rollout pause,a197ed1e
What are the valid resource types that can be managed using the rollout command in Kubernetes?,kubectl rollout,e7d7c16b
How can you roll back to a previous deployment using the rollout command?,kubectl rollout,e7d7c16b
What is the kubectl command to check the rollout status of a daemonset called 'foo'?,kubectl rollout,e7d7c16b
How would you restart a specific deployment called 'abc' using the rollout command?,kubectl rollout,e7d7c16b
"If you have multiple deployments labeled 'app=nginx', what is the command to restart all of them using kubectl?",kubectl rollout,e7d7c16b
What command will display the rollout history of a specific deployment in Kubernetes?,kubectl rollout history,cc9da943
How can you view the details for a specific revision of a daemonset?,kubectl rollout history,cc9da943
Which command is used to check the rollout history of Kubernetes resources?,kubectl rollout history,cc9da943
What does the 'kubectl apply set-last-applied -f FILENAME' command do?,kubectl apply set-last-applied,850acdc7
How can you update the last-applied-configuration for multiple files within a directory?,kubectl apply set-last-applied,850acdc7
What happens if the last-applied-configuration annotation does not exist when using 'kubectl apply set-last-applied'?,kubectl apply set-last-applied,850acdc7
What happens if an error occurs while trying to update a resource using the edit-last-applied command?,kubectl apply edit-last-applied,f8072f1c
How can a user specify that the edits should be made in JSON format rather than the default YAML?,kubectl apply edit-last-applied,f8072f1c
What are the steps to take if another editor changes a resource on the server while you are editing it?,kubectl apply edit-last-applied,f8072f1c
What does the --windows-line-endings flag do when using the edit-last-applied command?,kubectl apply edit-last-applied,f8072f1c
How can a user choose which editor to use when running the edit-last-applied command in Kubernetes?,kubectl apply edit-last-applied,f8072f1c
What is the default output format for viewing last-applied-configuration annotations?,kubectl apply view-last-applied,0ed2d5e8
How can you change the output format when viewing last-applied-configuration annotations?,kubectl apply view-last-applied,0ed2d5e8
What command would you use to view the last-applied-configuration annotations for a specific deployment by name?,kubectl apply view-last-applied,0ed2d5e8
How do you view the last-applied-configuration annotations from a file in JSON format?,kubectl apply view-last-applied,0ed2d5e8
What options are available for specifying which annotations to view when using the kubectl apply view-last-applied command?,kubectl apply view-last-applied,0ed2d5e8
What are the file formats accepted for applying configurations to a Kubernetes resource?,kubectl apply,8666ad26
What should you do before using the 'apply' command to ensure the resource is properly configured?,kubectl apply,8666ad26
How can you apply a configuration stored in a specific directory that includes kustomization.yaml?,kubectl apply,8666ad26
"What is the purpose of the --prune flag when applying configurations, and what caution is advised?",kubectl apply,8666ad26
How can you apply a configuration that matches specific labels and delete others that do not match?,kubectl apply,8666ad26
